cpma,n1dg1,n1dg2,n1dg3,n2dlagd,n1wlagd,n2wlagd,n1mlagd,n2mlagd,iprob_1d,iprob_2d,iprob_1w,corr1d,corr2d,corr1w
1.05521896723809,-0.00886191001752899,0.00395965389691862,-0.000179211469534134,-0.00490225612061037,-0.000730914406650186,0.029376754632229,0.0205163913879063,0.0153965371932147,0.519222453206605,0.513285425567032,0.532871266021093,-0.043970326761878,0.0164739523182151,-0.129663636793478
1.0540061233959,-0.000332973067391635,-0.00886191001752899,0.00395965389691862,-0.00919488308492062,-0.00578169618136616,0.0173252699306878,0.0215081352736765,0.0169259828584717,0.518077245963653,0.516997032390201,0.530238537500074,-0.0483779633697659,0.0217477402848412,-0.102940492654982
1.05055689688875,-0.00251178079798179,-0.000332973067391635,-0.00886191001752899,-0.00284475386537342,-0.00794504181600962,0.0175729442970823,0.023383360503745,0.00821241577190493,0.511885624581468,0.514495577940122,0.528208616917347,-0.0491684897062423,0.0289564558123084,-0.104762068505829
1.05602006362276,0.0060817727464323,-0.00251178079798179,-0.000332973067391635,0.00356999194845051,-0.00173268805640189,0.0125115491222667,0.0181652992371573,0.0331625790573218,0.504446527286066,0.519533387715045,0.519192266863181,-0.0342019966542457,0.0404788952107797,-0.100534348899782
1.05472832834322,-0.000212201014212081,0.0060817727464323,-0.00251178079798179,0.00586957173222022,-0.00588088900430646,0.0111433869988347,0.0161028992960512,0.0213259837005326,0.51660184184754,0.523887722487802,0.519709385749999,-0.0176574795057031,0.0705972335982382,-0.0919619113249778
1.05399278186421,0.000348301215244763,-0.000212201014212081,0.0060817727464323,0.000136100201032682,0.00335702354829206,-0.000730914406650186,0.0196991046365846,0.0173430630569617,0.521611723592527,0.517741896080223,0.507758471489786,0.000350784182933629,0.0751118691530926,-0.0921758393447845
1.05523619083774,0.00230669212732493,0.000348301215244763,-0.000212201014212081,0.0026549933425697,0.00600643234300005,-0.00578169618136616,0.0337500420823467,0.00821976704060099,0.513338288538688,0.509882436919841,0.49850097715155,-0.0119472809221019,0.0886963557688018,-0.093025999114507
1.04097053335835,-0.0125761926214603,0.00230669212732493,0.000348301215244763,-0.0102695004941354,-0.00414392616476072,-0.00794504181600962,0.0246127851309491,-0.00364758698092031,0.543925271899927,0.517146428473106,0.510446745747671,0.0273764487548088,0.0963838250391195,-0.069640673818766
1.05105241561496,0.0108179419525066,-0.0125761926214603,0.00230669212732493,-0.00175825066895369,0.000544105164646223,-0.00173268805640189,0.0358019962598293,-0.00854452647686274,0.503144759126118,0.506288381004575,0.506784869155156,0.00860596631884615,0.0678755728648457,-0.0591196344871052
1.05532771266091,0.00516618811450448,0.0108179419525066,-0.0125761926214603,0.0159841300670111,0.0059265628656483,-0.00588088900430646,0.0346143943040739,-0.00647321180304536,0.499153819607806,0.506662424480511,0.492068372645275,0.00851779405370679,0.0741927131377315,-0.0592929453523015
1.05280970933192,-0.00134712559105812,0.00516618811450448,0.0108179419525066,0.00381906252344636,0.00422168181793453,0.00335702354829206,0.0364345873104998,-0.00587765764458311,0.525551277544242,0.512973666510013,0.503422836506623,0.000750429973699027,0.0984462255805006,-0.082657071157748
1.04762186929882,-0.00389514001376033,-0.00134712559105812,0.00516618811450448,-0.00524226560481845,-0.00199199943550961,0.00600643234300005,0.0154916742606246,0.0127414185595151,0.52731453800673,0.519139607031232,0.518855549853133,0.0458787897264594,0.126123406309704,-0.121360820208964
1.04925237780461,0.00277369880894105,-0.00389514001376033,-0.00134712559105812,-0.00112144120481928,0.0135224274406332,-0.00414392616476072,0.0188992042440319,0.0158473534414524,0.504838859986616,0.504238782044533,0.500398830082228,0.0405090308019065,0.127214488740435,-0.118767979632062
1.04860305810634,0.000574899663737903,0.00277369880894105,-0.00389514001376033,0.00334859847267895,0.00325197946576165,0.000544105164646223,0.0145958907123058,0.0125121808614305,0.511820850461161,0.51409952090457,0.508462874707699,0.0346889921784145,0.110438410225441,-0.124331254118525
1.03815857016802,-0.00888956343570779,0.000574899663737903,0.00277369880894105,-0.00831466377196988,-0.010777004728465,0.0059265628656483,0.000257113003900474,0.0128715175424987,0.538864156061039,0.528145553246541,0.528722759960388,-0.0322037998259557,0.0615298234152091,-0.149151025717949
1.01557935685439,-0.0208754908502237,-0.00888956343570779,0.000574899663737903,-0.0297650542859315,-0.0301209714555039,0.00422168181793453,-0.0234710797896712,0.0171097598863787,0.567359786532617,0.542109830305747,0.554407332239134,-0.0644064879117809,0.0341389217322421,-0.180300259549309
1.00981485442888,-0.00487630495618029,-0.0208754908502237,-0.00888956343570779,-0.025751795806404,-0.0310763039103715,-0.00199199943550961,-0.0328226620775019,0.0217833864928581,0.537240817451246,0.53822668633232,0.552320206748191,-0.0500349344658001,0.00882956801909092,-0.237054933328952
1.01521353409622,0.00614068569119202,-0.00487630495618029,-0.0208754908502237,0.00126438073501173,-0.0278229742922226,0.0135224274406332,-0.0265558813945911,0.0189073886555668,0.501577111508444,0.533852156707711,0.546529365540437,-0.0426681066464675,0.00759126679599908,-0.2535439049924
1.00417153980214,-0.0102092050209205,0.00614068569119202,-0.00487630495618029,-0.00406851932972846,-0.0383010092906778,0.00325197946576165,-0.0363212696964265,0.0195258637398176,0.552856054494707,0.556036243076945,0.548304368438195,-0.00420383217269412,0.0197661708385081,-0.263691344093885
1.01468720121786,0.0112670499380002,-0.0102092050209205,0.00614068569119202,0.00105784491707975,-0.0187425483740415,-0.010777004728465,-0.0293070613949663,0.0263534899217057,0.521938313139225,0.542352479343895,0.524140599769367,-0.01601557787517,-0.0549391134816417,-0.26378359899405
1.00749515946331,-0.00646531303819559,0.0112670499380002,-0.0102092050209205,0.00480173689980465,-0.00430097917097233,-0.0301209714555039,-0.0269599013089663,0.0205163913879063,0.534323611421578,0.531983259190598,0.498727911257452,-0.0491287281134607,-0.0687440540736361,-0.253138400898783
0.984170021079067,-0.0228319467740758,-0.00646531303819559,0.0112670499380002,-0.0292972598122714,-0.0222670019533442,-0.0310763039103715,-0.0488595969137857,0.0215081352736765,0.587634355735687,0.549897353836989,0.528869787783192,-0.00144914144485119,-0.0553019162717507,-0.211089508639427
0.991320131508059,0.00764112544420138,-0.0228319467740758,-0.00646531303819559,-0.0151908213298744,-0.0208089260808926,-0.0278229742922226,-0.0391784406356574,0.023383360503745,0.522811108535578,0.535060851599069,0.523993061240739,-0.00874774985392684,-0.0410054485032052,-0.174444644773474
0.988928443492324,-0.00202825888787599,0.00764112544420138,-0.0228319467740758,0.00561286655632539,-0.0127155901251268,-0.0383010092906778,-0.0469236293990903,0.0181652992371573,0.524803083623212,0.535666294335526,0.50266535041751,0.00407523772805837,0.00719671421500066,-0.169580649351567
1.00074775483099,0.0124397707291452,-0.00202825888787599,0.00764112544420138,0.0104115118412692,-0.0115706809200809,-0.0187425483740415,-0.0348627747634,0.0161028992960512,0.51919349991003,0.539697173295387,0.509690123843686,0.0181184532860704,0.046717304923724,-0.159323978210899
1.01349101130332,0.0133019064750229,0.0124397707291452,-0.00202825888787599,0.0257416772041682,0.00809496294717241,-0.00430097917097233,-0.0223651210741352,0.0196991046365846,0.490220334672732,0.521415319251647,0.497456914889627,0.0255483036840451,0.0838388380941532,-0.163603425358279
1.01453741521025,0.00156926467151169,0.0133019064750229,0.0124397707291452,0.0148711711465346,0.0332684612690812,-0.0222670019533442,-0.0230843967281273,0.0337500420823467,0.511320571468063,0.511319042855266,0.474230083406359,0.0464770354528212,0.0992659296098581,-0.180506062532418
1.02521577277917,0.0110620944083919,0.00156926467151169,0.0133019064750229,0.0126313590799036,0.0367764357338195,-0.0208089260808926,0.000302330694810881,0.0246127851309491,0.49388065455348,0.499070757279078,0.469963904001947,0.0417964546275211,0.0754849290902746,-0.192160068145091
1.02438037223106,-0.000269267756559972,0.0110620944083919,0.00156926467151169,0.0107928266518319,0.0386038227032951,-0.0127155901251268,-0.0106695379796398,0.0358019962598293,0.49674290183297,0.497908441127712,0.477748603151155,0.0273387909853098,0.0397726760064777,-0.208428157115951
1.02963682629471,0.00581005463759987,-0.000269267756559972,0.0110620944083919,0.0055407868810399,0.0318027776681346,-0.0115706809200809,-0.0100358151462363,0.0346143943040739,0.499947222360548,0.503651803473772,0.485690167645367,0.0256225743914887,0.0259458340151295,-0.206502876345698
1.03379282367418,0.00480918992474721,0.00581005463759987,-0.000269267756559972,0.0106192445623471,0.0231550010573061,0.00809496294717241,-0.00393306210012514,0.0364345873104998,0.489067814160976,0.504520889508186,0.500867350131037,0.0244486580748848,0.0238633434194958,-0.201530386806114
1.03415696706767,0.00115847125305248,0.00480918992474721,0.00581005463759987,0.00596766117779969,0.0227353542537115,0.0332684612690812,0.00112035677380755,0.0154916742606246,0.488197003115344,0.497211356283238,0.518912173362004,0.0353959915770297,0.0256826137519662,-0.1998731581673
1.02662534229499,-0.0065244790195354,0.00115847125305248,0.00480918992474721,-0.00536600776648292,0.00494573430416266,0.0367764357338195,-0.00816249050873194,0.0188992042440319,0.509535731267955,0.510988603677608,0.539515853991945,0.0336082277314313,0.0256190524937183,-0.190045743787446
1.03199985999024,0.00603144224196854,-0.0065244790195354,0.00115847125305248,-0.000493036777566861,0.0112793113683586,0.0386038227032951,-0.00275359647886557,0.0145958907123058,0.48151211107821,0.500017203235712,0.534497558181839,0.0368090466268936,0.0210434483417319,-0.17370438954516
1.02918554417615,-0.00191870767156941,0.00603144224196854,-0.0065244790195354,0.00411273457039913,0.00350852264964509,0.0318027776681346,0.004260415869092,0.000257113003900474,0.496386501977705,0.505413132877355,0.530148142244298,0.0351164387381325,0.0193597108009795,-0.163295643251017
1.03458969187806,0.00618652144315856,-0.00191870767156941,0.00603144224196854,0.00426781377158915,0.00488407129221202,0.0231550010573061,0.032017159231186,-0.0234710797896712,0.497299680901445,0.499672913371106,0.516863817631662,0.0259781865372671,0.0209880812170846,-0.162323498639033
1.03232760019417,-0.00134768701186939,0.00618652144315856,-0.00191870767156941,0.00483883443128916,0.00236858688802446,0.0227353542537115,0.0356765980376748,-0.0328226620775019,0.504245032476845,0.498770258902293,0.516686358160907,0.0255276620547475,0.010361198137269,-0.165398656104569
1.03147688252665,2.16788067985773e-05,-0.00134768701186939,0.00618652144315856,-0.00132600820507082,0.0089733424470267,0.00494573430416266,0.0293779637377964,-0.0265558813945911,0.512549847460025,0.499129078833741,0.505089055697365,0.0329575301412877,0.00443776675854636,-0.187213095480242
1.035563993654,0.00494808038327293,2.16788067985773e-05,-0.00134768701186939,0.00496975919007151,0.00788681255367489,0.0112793113683586,0.0451414722128283,-0.0363212696964265,0.496191591151725,0.492215164936662,0.503838679428481,0.014262997973905,0.0177367999733564,-0.187521343928525
1.03746681007285,0.00278273624945401,0.00494808038327293,2.16788067985773e-05,0.00773081663272694,0.0126344452008169,0.00350852264964509,0.0363729593855723,-0.0293070613949663,0.501898434149048,0.495314005111321,0.496225412734778,0.0188434160116435,0.00463644154432784,-0.188238338401127
1.02883821710926,-0.00737852590819868,0.00278273624945401,0.00494808038327293,-0.00459578965874466,-0.00101753075594951,0.00488407129221202,0.0354203714819449,-0.0269599013089663,0.529823107585225,0.506956822980143,0.510742410576578,0.0544754480299383,0.00249981842591236,-0.183410416911404
1.04327575369715,0.0152676718696668,-0.00737852590819868,0.00278273624945401,0.0078891459614681,0.0156033211932016,0.00236858688802446,0.0757912382527025,-0.0488595969137857,0.481917377296731,0.479362725615883,0.484999545385999,0.0601620429129167,-0.032152558509507,-0.19874614822116
1.04195889005335,-5.33643558122516e-05,0.0152676718696668,-0.00737852590819868,0.0152143075138545,0.0155271087602158,0.0089733424470267,0.0675763445761166,-0.0391784406356574,0.495137947249384,0.485354533476471,0.486838238712129,0.0490273998737755,-0.0610697015857652,-0.231475759891844
1.04267986551256,0.0017184239597398,-5.33643558122516e-05,0.0152676718696668,0.00166505960392754,0.0122634539365471,0.00788681255367489,0.0715843438149391,-0.0469236293990903,0.514033238387989,0.489757446967854,0.493369351690144,0.0669327317054762,-0.0502501130571942,-0.207257856330401
1.04222867475178,0.000538084100946704,0.0017184239597398,-5.33643558122516e-05,0.0022565080606865,0.00999757992954902,0.0126344452008169,0.0589873860259497,-0.0348627747634,0.50229230251791,0.489307633395918,0.5015299064388,0.0707936826526911,-0.0374013775907499,-0.190060599272826
1.04078111948965,-0.000463248919085797,0.000538084100946704,0.0017184239597398,7.48351818609062e-05,0.0170339107019987,-0.00101753075594951,0.0446016182346329,-0.0223651210741352,0.507041425093957,0.490866273990515,0.492428915969408,0.0743499715725112,-0.0263880815512677,-0.170111887173717
1.03451912638711,-0.00508211829509313,-0.000463248919085797,0.000538084100946704,-0.00554536721417892,-0.00335128154500481,0.0156033211932016,0.0376644590630279,-0.0230843967281273,0.519350453750365,0.504613489731089,0.520202133711348,0.0612308692784427,-0.0116135385126202,-0.13530258566432
1.0339948642302,0.000305199638043904,-0.00508211829509313,-0.000463248919085797,-0.00477691865704922,-0.00299390012861491,0.0155271087602158,0.026624536337409,0.000302330694810881,0.509723874527942,0.508499175236744,0.522555112513229,0.0753151219226903,0.0124622216862082,-0.1226154512703
1.02125619368258,-0.0117011026656676,0.000305199638043904,-0.00508211829509313,-0.0113959030276237,-0.0163502980772817,0.0122634539365471,0.0148851730923562,-0.0106695379796398,0.534814524903855,0.519105812906595,0.533545979755393,0.0866110415753051,0.023016819142988,-0.103428307277846
1.01783039974526,-0.00282179880195403,-0.0117011026656676,0.000305199638043904,-0.0145229014676216,-0.0196534685097228,0.00999757992954902,0.00617543706245945,-0.0100358151462363,0.528447112453416,0.521774468664423,0.538013819205182,0.0982156227292757,0.0388337481581123,-0.0845962474542942
1.02696729044844,0.00961366117547366,-0.00282179880195403,-0.0117011026656676,0.00679186237351963,-0.00977002615639508,0.0170339107019987,0.0109864409913902,-0.00393306210012514,0.48975295982624,0.512553046597819,0.526234994809723,0.0932890465426273,0.0386751441293632,-0.0844629998078031
1.03371007365581,0.00721959512166259,0.00961366117547366,-0.00282179880195403,0.0168332562971363,0.00247372338204028,-0.00335128154500481,0.0171070644733697,0.00112035677380755,0.503526476347996,0.515381316752207,0.497712937264363,0.0829053793759522,0.0321363214055205,-0.0776134581471187
1.0267232653681,-0.00613165976765924,0.00721959512166259,0.00961366117547366,0.00108793535400335,-0.0039770902472969,-0.00299390012861491,0.0175092276144908,-0.00816249050873194,0.538436747107336,0.521719396897549,0.50816280581136,0.0985552392051547,0.0427581344945028,-0.0806799489372204
1.03224206299973,0.0060405101114055,-0.00613165976765924,0.00721959512166259,-9.11496562537445e-05,0.0139031814292059,-0.0163502980772817,0.0175183989390036,-0.00275359647886557,0.510829915846276,0.504475804330404,0.490287336131406,0.103864407562179,0.0516488001135028,-0.0699753429439022
1.02860936204694,-0.00293267664168461,0.0060405101114055,-0.00613165976765924,0.00310783346972089,0.0137904439121626,-0.0196534685097228,0.0164846834581348,0.004260415869092,0.514998255281455,0.504930780050373,0.486432048420427,0.104536693252628,0.0583538269891462,-0.0634125334364506
1.02306805189323,-0.0048646679381951,-0.00293267664168461,0.0060405101114055,-0.00779734457987972,-0.000747782207087185,-0.00977002615639508,0.00532038687818325,0.032017159231186,0.533108014417942,0.52331822449023,0.509276003237618,0.115506495516723,0.0549350328064911,-0.0628720800296151
1.02704367030292,0.00440391075889387,-0.0048646679381951,-0.00293267664168461,-0.000460757179301231,-0.00354119375083462,0.00247372338204028,0.0111103884842178,0.0356765980376748,0.507238303464826,0.519320822961423,0.515319242326004,0.108340529381548,0.0403261918902624,-0.058298913498907
1.01935316171925,-0.00700035376979232,0.00440391075889387,-0.0048646679381951,-0.00259644301089845,-0.0044121519585978,-0.0039770902472969,0.00401049231502952,0.0293779637377964,0.526888748184856,0.523000907704048,0.513155100760664,0.104781974946502,0.0404173468930544,-0.0536643758182573
1.01689874261458,-0.00190007341192727,-0.00700035376979232,0.00440391075889387,-0.00890042718171959,-0.0122702335991795,0.0139031814292059,-0.00283127234682817,0.0451414722128283,0.523170761464194,0.529641092711677,0.534691898217469,0.106457706033193,0.0552542288620107,-0.0330164263682894
1.02107842442084,0.00464024574914546,-0.00190007341192727,-0.00700035376979232,0.00274017233721819,-0.00476823178964066,0.0137904439121626,-0.000984161983382266,0.0363729593855723,0.498692993592898,0.519503417659946,0.524803762384158,0.0996578779946111,0.0610392518745854,-0.0324872810188448
1.02857925766434,0.00792411795738635,0.00464024574914546,-0.00190007341192727,0.0125643637065318,0.00802179343612707,-0.000747782207087185,0.0144170599166725,0.0354203714819449,0.496567063873363,0.514188059489426,0.498439260048132,0.0881375601554279,0.0615522386068993,-0.0264439958498863
1.03512287555018,0.00703931978166362,0.00792411795738635,0.00464024574914546,0.01496343773905,0.0106666952541247,-0.00354119375083462,0.00619560170979391,0.0757912382527025,0.503935598863614,0.525974625683841,0.495431176302435,0.0832813085707799,0.0625030021429624,-0.0170136446955346
1.03739066703907,0.00285332428189577,0.00703931978166362,0.00792411795738635,0.00989264406355939,0.0206956859696853,-0.0044121519585978,0.00912045511551339,0.0675763445761166,0.506602676240777,0.51632831186218,0.490438429255954,0.0817502755422027,0.0577605085283169,-0.00853549498053782
1.03541762315583,-0.00112644772330642,0.00285332428189577,0.00703931978166362,0.00172687655858935,0.021486825595985,-0.0122702335991795,0.006254561727836,0.0715843438149391,0.514707062944889,0.51568900930377,0.489397875577721,0.0532622837461135,0.047271416973012,0.00744887647938072
1.02190704075317,-0.0125372596981104,-0.00112644772330642,0.00285332428189577,-0.0136637074214169,0.00402127453408126,-0.00476823178964066,-0.00689548678409408,0.0589873860259497,0.53638179275905,0.523834036211874,0.515325812631128,0.0301620612962696,0.039928271443765,0.00321235113709783
1.01051637198202,-0.0107501514672214,-0.0125372596981104,-0.00112644772330642,-0.0232874111653318,-0.0145806851319739,0.00802179343612707,-0.017116190861776,0.0446016182346329,0.535887006114812,0.529261388067376,0.542718406071299,0.0334308612696357,0.0563708481281303,-0.00498044350316023
1.01383848251597,0.0037505961930365,-0.0107501514672214,-0.0125372596981104,-0.00699955527418489,-0.0177988035130892,0.0106666952541247,-0.00839031285640093,0.0376644590630279,0.504974213445881,0.526052399282464,0.537527040521361,0.0137632898240457,0.0432302032554279,-0.00716734125734736
1.02440200673753,0.0109181623793171,0.0037505961930365,-0.0107501514672214,0.0146687585723536,-0.00990004759638269,0.0206956859696853,0.00213039289155338,0.026624536337409,0.486968397861794,0.522053309522556,0.526342460124716,0.0592904774127159,0.0298241332085939,-0.0119622986612881
1.00277465978128,-0.0208847439882918,0.0109181623793171,0.0037505961930365,-0.00996658160897473,-0.0294847969842808,0.021486825595985,-0.00718177583760304,0.0148851730923562,0.560447597786689,0.543031689510278,0.549662286067545,0.0288108236099929,0.0266109369808964,0.0117324765205195
0.993166439027165,-0.00948676544395219,-0.0208847439882918,0.0109181623793171,-0.030371509432244,-0.026486657480336,0.00402127453408126,-0.0138176011471216,0.00617543706245945,0.552457132608338,0.532920124410465,0.548636044838702,0.0483460494516079,0.0397770904787876,0.0500643344405973
1.00111354543087,0.00821726175723821,-0.00948676544395219,-0.0208847439882918,-0.00126950368671398,-0.00782096865108619,-0.0145806851319739,-0.0151815927223038,0.0109864409913902,0.494835724035111,0.514890580444125,0.513088705779326,0.0400872511308327,0.0373093872345089,0.0543170241845868
1.0075747151001,0.00675731040472854,0.00821726175723821,-0.00948676544395219,0.0149745721619668,-0.00484891682325753,-0.0177988035130892,-0.015633595940713,0.0171070644733697,0.50841673616193,0.527328720276179,0.49998055677991,0.0365125705794861,0.0473797814414663,0.0515662658816818
1.01769227452592,0.0104884480569512,0.00675731040472854,0.00821726175723821,0.0172457584616797,-0.00527192898118777,-0.00990004759638269,0.000827614374694327,0.0175092276144908,0.515094383620584,0.531503661996941,0.500165340441963,0.035647281487722,0.0517804390970887,0.0490817852106286
1.01869619014672,0.00136389752511664,0.0104884480569512,0.00675731040472854,0.0118523455820678,0.0173314858053113,-0.0294847969842808,-0.00382476589334463,0.0175183989390036,0.52148891998625,0.516862880243736,0.476678987330197,0.0469950020019002,0.0543169469579486,0.0506247150755355
1.02216703846173,0.0037751025551654,0.00136389752511664,0.0104884480569512,0.00513900008028203,0.0309524202920102,-0.026486657480336,0.00287701176521019,0.0164846834581348,0.509228907338251,0.501102349539584,0.472572257678785,0.0436828648097915,0.0526723563952424,0.0530923212270618
1.02591811224299,0.00409212079769637,0.0037751025551654,0.00136389752511664,0.00786722335286177,0.0267342579795806,-0.00782096865108619,0.0119034800585752,0.00532038687818325,0.495252648895282,0.494897848925732,0.484917981121209,0.0469798556552625,0.053711870369457,0.0537447419836722
1.02324174468831,-0.00221329573568134,0.00409212079769637,0.0037751025551654,0.00187882506201503,0.0175856493288045,-0.00484891682325753,0.00523686495642211,0.0111103884842178,0.512177358844522,0.504991065959246,0.49660278778731,0.0476986740082913,0.0583258147022313,0.0518026554862033
1.02459958554824,0.00171697620228315,-0.00221329573568134,0.00409212079769637,-0.000496319533398184,0.00875257073204781,-0.00527192898118777,0.0140616228354277,0.00401049231502952,0.512483675192192,0.507735143651356,0.501244601416701,0.047105995863299,0.0584270358880533,0.0433719593325915
1.0159848870476,-0.00809641170865683,0.00171697620228315,-0.00221329573568134,-0.00637943550637368,-0.000777542429685936,0.0173314858053113,0.00776619218621562,-0.00283127234682817,0.517635100627471,0.508787430765431,0.526148472921639,0.0478605899531821,0.0557687674348838,0.0462304361855289
1.01889192838963,0.00323602017816892,-0.00809641170865683,0.00171697620228315,-0.00486039153048791,-0.00131417978620541,0.0309524202920102,0.00635759735575638,-0.000984161983382266,0.497151724346963,0.505899370870575,0.536004070235548,0.0451354901575551,0.0546202973666525,0.0505449905582354
1.02327877077761,0.00476080944458999,0.00323602017816892,-0.00809641170865683,0.00799682962275891,-0.000649091537868121,0.0267342579795806,0.00319920527254666,0.0144170599166725,0.489070478034177,0.510715328641974,0.527488415819064,0.0414130295897377,0.0583671458086244,0.0456113997854618
1.02583110179199,0.00299201950668952,0.00476080944458999,0.00323602017816892,0.00775282895127951,0.00456438394147348,0.0175856493288045,-0.000832661546947227,0.00619560170979391,0.503041237971758,0.513083528060825,0.51871301331287,0.0428676177941675,0.0549896527612489,0.0460144671210322
1.02513342331804,-0.000143315905411493,0.00299201950668952,0.00476080944458999,0.00284870360127802,0.00269880390288573,0.00875257073204781,-0.00381828758792111,0.00912045511551339,0.514703158378642,0.517117036326396,0.516917086342038,0.0374945343609476,0.0428592382484121,0.0490914791134856
1.02332757552681,-0.0013484243608256,-0.000143315905411493,0.00299201950668952,-0.00149174026623709,0.00952023183428143,-0.000777542429685936,-0.00403966602603805,0.006254561727836,0.514257839048872,0.510142274644552,0.508629884852369,0.0393949096031255,0.0449582066112832,0.0464559932539301
1.02481712006737,0.00187120575821044,-0.0013484243608256,-0.000143315905411493,0.000522781397384839,0.00814686829675357,-0.00131417978620541,0.0104927912325948,-0.00689548678409408,0.50748112350432,0.504861093280928,0.504994948230839,0.0414416586769072,0.0510591865953669,0.0383583108992946
1.01524630643357,-0.00898835864293828,0.00187120575821044,-0.0013484243608256,-0.00711715288472784,-0.00564863469145459,-0.000649091537868121,0.0122924164245762,-0.017116190861776,0.531877096845843,0.513543976174768,0.516200560701727,0.0636529279387217,0.061008719572866,0.0349448184790702
1.02041598001382,0.00561647356134753,-0.00898835864293828,0.00187120575821044,-0.00337188508159075,-0.00304678998911861,0.00456438394147348,0.0141741722283419,-0.00839031285640093,0.507525357003059,0.509892312883389,0.516864407525836,0.074422476272573,0.0666618573349739,0.0349561412448073
1.0184602469656,-0.00137364831408625,0.00561647356134753,-0.00898835864293828,0.00424282524726128,-0.00427354964749849,0.00269880390288573,0.00184277152837871,0.00213039289155338,0.511760675325914,0.516374810493917,0.51520055835029,0.0754106152169312,0.0645485311005063,0.0354014855756613
1.01943674394136,0.00151948945154423,-0.00137364831408625,0.00561647356134753,0.000145841137457987,-0.0014140361695568,0.00952023183428143,0.0247670587208415,-0.00718177583760304,0.51343550228853,0.510075136998562,0.513996948176962,0.0744302353403294,0.0603760205070685,0.0276968605609373
1.02868276592845,0.00967271410927988,0.00151948945154423,-0.00137364831408625,0.0111922035608241,0.00636189020831344,0.00814686829675357,0.0445891093743976,-0.0138176011471216,0.490412760270858,0.49843151473655,0.499079329901779,0.0727825274844489,0.0547639614431573,0.0271894258490548
1.02846709322662,0.000421796325099494,0.00967271410927988,0.00151948945154423,0.0100945104343794,0.0159178035251537,-0.00564863469145459,0.036512419357482,-0.0151815927223038,0.507815684195688,0.498147408690955,0.485648984402807,0.0626320719931773,0.052580228167014,0.0334435255839
1.02320029863863,-0.00470104614087332,0.000421796325099494,0.00967271410927988,-0.00427924981577382,0.0054945932563451,-0.00304678998911861,0.0247154065697945,-0.015633595940713,0.528322126258635,0.507517023318285,0.503330640182887,0.0489073025125569,0.0571795516751986,0.0499071626211406
1.01328506438342,-0.00936177873796025,-0.00470104614087332,0.000421796325099494,-0.0140628248788336,-0.0025484770450463,-0.00427354964749849,0.00458570270255756,0.000827614374694327,0.532864353646054,0.513837766624369,0.517171673940503,0.057642728752452,0.0647635088560419,0.0715259972181163
1.01675392108871,0.00374695993799609,-0.00936177873796025,-0.00470104614087332,-0.00561481879996415,-0.000330054086282589,-0.0014140361695568,0.00697643242083813,-0.00382476589334463,0.505332048158679,0.507302930427786,0.514146090018566,0.0550690629023402,0.0695518245620058,0.0904306914220299
1.02034773923812,0.00384480206192156,0.00374695993799609,-0.00936177873796025,0.00759176199991766,-0.00610022935175186,0.00636189020831344,0.00704635421953204,0.00287701176521019,0.502830670896136,0.516035540475622,0.516215257838235,0.0632153501849303,0.0765890870019621,0.1080855765171
1.01350036844867,-0.00649839794597577,0.00384480206192156,0.00374695993799609,-0.0026535958840542,-0.0129753089672983,0.0159178035251537,-0.00357532388071614,0.0119034800585752,0.530008966600786,0.527896936163793,0.532937293137695,0.0767405763019654,0.0907064064177884,0.119777403916288
1.02147166407966,0.00811605965303847,-0.00649839794597577,0.00384480206192156,0.00161766170706271,-0.000264756186028287,0.0054945932563451,0.00673993142759632,0.00523686495642211,0.503362888171798,0.51337029491971,0.514990718497304,0.0746031222654874,0.0897169680815602,0.11702819304235
1.02360170265482,0.00236225059983159,0.00811605965303847,-0.00649839794597577,0.0104783102528701,0.0115669348157255,-0.0025484770450463,0.00738844145405385,0.0140616228354277,0.499618153387552,0.507589740491749,0.497587709403155,0.0699818506045808,0.0890435351255787,0.104953190389368
1.02761985532444,0.00424837119350695,0.00236225059983159,0.00811605965303847,0.00661062179333854,0.0120722524575847,-0.000330054086282589,0.0199259418267682,0.00776619218621562,0.507689300838703,0.507640333238426,0.497340304420683,0.0718690442333353,0.0827036310224907,0.0986711090970068
1.03341794210425,0.00598780340220892,0.00424837119350695,0.00236225059983159,0.0102361745957159,0.0142328177053495,-0.00610022935175186,0.0227235039557512,0.00635759735575638,0.501992552751467,0.505218585670519,0.490367755811863,0.0573152890646879,0.0711722969420197,0.0940459119496852
1.03183273523364,-0.00111406917689646,0.00598780340220892,0.00424837119350695,0.00487373422531246,0.0197295002749849,-0.0129753089672983,0.0167435967055842,0.00319920527254666,0.514125021822984,0.503193773259991,0.48603457790905,0.0577870711177309,0.0660134452514492,0.0868622622156913
1.03687401194741,0.00536711034778875,-0.00111406917689646,0.00598780340220892,0.00425304117089229,0.0169488832274911,-0.000264756186028287,0.0191512513601741,-0.000832661546947227,0.501661442760864,0.500735391585949,0.496856769566328,0.0576254465737066,0.0638196818608323,0.0806295932488882
1.03824297790606,0.00184372119185636,0.00536711034778875,-0.00111406917689646,0.00721083153964511,0.0164228080465418,0.0115669348157255,0.0211766329737534,-0.00381828758792111,0.496143360905627,0.497501522619082,0.503327094646729,0.0578454126692837,0.0639527980596414,0.0821569388282432
1.03851045607504,0.000727813388647198,0.00184372119185636,0.00536711034778875,0.00257153458050356,0.0128595707513168,0.0120722524575847,0.0232997012449897,-0.00403966602603805,0.505568899878009,0.501300621809081,0.507394813298937,0.0578959670591727,0.0636792174455812,0.0815278592126757
1.03763100210035,-0.000379226689247115,0.000727813388647198,0.00184372119185636,0.000348586699400084,0.00644904833386505,0.0142328177053495,0.0210011354833232,0.0104927912325948,0.507525655127041,0.507243155873126,0.51452953405708,0.0573180580394873,0.0593487623299417,0.0819916213084173
1.03909095441432,0.00189165592649571,-0.000379226689247115,0.000727813388647198,0.00151242923724859,0.0094775314434124,0.0197295002749849,0.0322103955625041,0.0122924164245762,0.497790017835422,0.500989032633518,0.513265965231233,0.0490386593407743,0.0544366005426771,0.0825882529751215
1.04531869113598,0.00652530240471395,0.00189165592649571,-0.000379226689247115,0.00841695833120966,0.0106404587428322,0.0169488832274911,0.0331432587410353,0.0141741722283419,0.491084137325145,0.50227474352298,0.507554258734381,0.0435281125146234,0.0504598563090105,0.0814457868332905
1.04941991320365,0.00462776867340735,0.00652530240471395,0.00189165592649571,0.0111530710781213,0.0134489516887871,0.0164228080465418,0.0393521110240292,0.00184277152837871,0.494959005769732,0.499868419760809,0.502535789371941,0.0193975175668882,0.0470866961501437,0.0841174717408589
1.04976990839644,0.000938731122783942,0.00462776867340735,0.00652530240471395,0.00556649979619129,0.0136625505852039,0.0128595707513168,0.0387494144201695,0.0247670587208415,0.505872207299302,0.505402939575625,0.502497051257568,0.0230364890349095,0.0507631177648228,0.0866191322477882
1.04893375240713,-0.000245993634914706,0.000938731122783942,0.00462776867340735,0.000692737487869236,0.0137976551781482,0.00644904833386505,0.0285450663011098,0.0445891093743976,0.508846665274414,0.509378361057157,0.503134595221438,0.0222059557374559,0.0506710485331626,0.0803890739689252
1.04467316055912,-0.00353702858841796,-0.000245993634914706,0.000938731122783942,-0.00378302222333266,0.00830445878374172,0.0094775314434124,0.024474953226699,0.036512419357482,0.512887255556271,0.510103248702408,0.511720824620978,0.0263324169527517,0.0515712537936349,0.0740671101369444
1.0367582920762,-0.00708887848592266,-0.00353702858841796,-0.000245993634914706,-0.0106259070743406,-0.00533378683404973,0.0106404587428322,0.0220171244301123,0.0247154065697945,0.525681758083905,0.517107093333526,0.5244903883172,0.0264388715254277,0.0514483221648754,0.0921467400171574
1.03949234444405,0.00313453637357466,-0.00708887848592266,-0.00353702858841796,-0.003954342112348,-0.00681221273801706,0.0134489516887871,0.0349092658417298,0.00458570270255756,0.50662291503569,0.510023025506801,0.521747674220661,0.0263444931864407,0.0457969501089276,0.0860017888458321
1.03984334682546,0.000836707710106546,0.00313453637357466,-0.00708887848592266,0.0039712440836812,-0.00691344611458179,0.0136625505852039,0.0319086619875816,0.00697643242083813,0.50788320918801,0.513807764867715,0.518433726457435,0.0258240951214689,0.0511669083615984,0.0883036552910716
1.04146801625599,0.00217258925161785,0.000836707710106546,0.00313453637357466,0.0030092969617244,-0.00451099298233021,0.0137976551781482,0.030189700171876,0.00704635421953204,0.513055945413251,0.515787641500954,0.517618026050854,0.0758940971198392,0.0866632290899687,0.106428566639982
1.04856963085203,0.00771888629704582,0.00217258925161785,0.000836707710106546,0.00989147554866367,0.00673392012922538,0.00830445878374172,0.0449320013028412,-0.00357532388071614,0.497501964880535,0.503142287126586,0.500730824608519,0.107609310621233,0.0889869648415219,0.127129449833904
1.04890921695759,0.0012774785639097,0.00771888629704582,0.00217258925161785,0.00899636486095552,0.0152167493044439,-0.00533378683404973,0.0378436783313825,0.00673993142759632,0.509605274164843,0.504085991680461,0.487971357801169,0.0971249514882491,0.102960343733594,0.187050187372607
1.04976650641202,0.00173005082981193,0.0012774785639097,0.00771888629704582,0.00300752939372162,0.0137953474919427,-0.00681221273801706,0.037189100074505,0.00738844145405385,0.515180782100834,0.505626769067095,0.491038331046871,0.0888583738780739,0.109420843393136,0.241231537851878
1.04857087399534,-0.000132459103251866,0.00173005082981193,0.0012774785639097,0.00159759172656006,0.0128136320944586,-0.00691344611458179,0.0326645725139829,0.0199259418267682,0.513093877295562,0.506662240488822,0.493546175125718,0.0504218291909735,0.106110524549439,0.285460450826616
1.04095656241229,-0.00643530808464233,-0.000132459103251866,0.00173005082981193,-0.0065677671878942,0.00411433632510981,-0.00451099298233021,0.0199120251476272,0.0227235039557512,0.527743174966069,0.514787321197288,0.507063074049004,0.0645773521877242,0.205166080201196,0.300636556660809
1.04506750622071,0.00489748612806283,-0.00643530808464233,-0.000132459103251866,-0.0015378219565795,0.00130302813518787,0.00673392012922538,0.0260501209563405,0.0167435967055842,0.505208394311049,0.510656907204544,0.513424604351681,0.128660404051663,0.246842355061916,0.302689961893268
1.04263814800974,-0.00117885411297604,0.00489748612806283,-0.00643530808464233,0.00371863201508679,-0.00115336721987466,0.0152167493044439,0.0193694890184008,0.0191512513601741,0.507485749946001,0.514233388436473,0.519176509132285,0.0887129793743828,0.247177367460093,0.288733173321656
1.04348671943167,0.00191087358600464,-0.00117885411297604,0.00489748612806283,0.000732019473028601,-0.000973064950811747,0.0137953474919427,0.0194378161439407,0.0211766329737534,0.512823540304512,0.517358131591812,0.519321299376819,0.0934488626310298,0.235656258726381,0.27681263594579
1.04194173890303,-0.000372266644908625,0.00191087358600464,-0.00117885411297604,0.00153860694109602,-0.00121267088214158,0.0128136320944586,0.0183171685792506,0.0232997012449897,0.511721007997567,0.516672146295537,0.518707485543655,0.0762312033083716,0.189205821007121,0.296691521224447
1.0477863355243,0.00667778781061402,-0.000372266644908625,0.00191087358600464,0.00630552116570539,0.0119693535318311,0.00411433632510981,0.0255061738660458,0.0210011354833232,0.498487325480236,0.506661939678609,0.501161283982991,0.0636310128802196,0.153472511122736,0.305170086928849
1.04748880814688,0.000658788235055619,0.00667778781061402,-0.000372266644908625,0.00733657604566964,0.00770082621853195,0.00130302813518787,0.0242442475672759,0.0322103955625041,0.510579976526217,0.514667953019019,0.501205154909785,0.0661010593287484,0.140959969366104,0.323787120562182
1.05219260937291,0.00547953530299509,0.000658788235055619,0.00667778781061402,0.00613832353805071,0.0144184097853077,-0.00115336721987466,0.0231800707048844,0.0331432587410353,0.505835507954859,0.511053847106771,0.496644993265986,0.0664336952526641,0.13638720318404,0.376387665142338
1.04718798005162,-0.00392356354259004,0.00547953530299509,0.000658788235055619,0.00155597176040505,0.0085111374020888,-0.000973064950811747,0.0144708223900197,0.0393521110240292,0.519253482856796,0.51707931287932,0.504300761569728,0.0545750286356819,0.138209580356924,0.390388117027769
1.03901187442142,-0.00704877000480371,-0.00392356354259004,0.00547953530299509,-0.0109723335473937,0.00177530187784087,-0.00121267088214158,0.00637533503820591,0.0387494144201695,0.531905553983418,0.521335388995067,0.515997363263599,0.0725269446193033,0.150502493507516,0.412827845720686
1.04304813280939,0.00464427028430873,-0.00704877000480371,-0.00392356354259004,-0.00240449972049498,-0.000248312488597901,0.0119693535318311,0.0112979869693816,0.0285450663011098,0.501065177866245,0.513756347142122,0.522061259379087,0.0825905221171231,0.152435237394931,0.416670966566113
1.03804738377642,-0.00413112128262438,0.00464427028430873,-0.00704877000480371,0.000513149001684343,-0.00503387993639274,0.00770082621853195,0.0106950496170051,0.024474953226699,0.517636033398025,0.520599622453601,0.519838500839854,0.0853271106247958,0.153550081275594,0.412441556767403
1.03887827314214,0.00147097746197848,-0.00413112128262438,0.00464427028430873,-0.00266014382064591,-0.00900052381336133,0.0144184097853077,0.0194082202568766,0.0220171244301123,0.517997370153983,0.522455231051197,0.526135443850819,0.0706698624415142,0.152700505396277,0.413256346475165
1.04309307618019,0.0048435379681536,0.00147097746197848,-0.00413112128262438,0.00631451543013207,-0.000278107855282877,0.0085111374020888,0.0211449466986199,0.0349092658417298,0.502336855274294,0.517255873026484,0.512497989794861,0.074077521003051,0.152955768089955,0.410339605053533
1.04034494693702,-0.00193212280613016,0.0048435379681536,0.00147097746197848,0.00291141516202344,0.00487342835754767,0.00177530187784087,0.0183199331193428,0.0319086619875816,0.517207028638757,0.51713540523129,0.50631597922278,0.0686504338079536,0.149402023547125,0.408925535032279
1.04391577174839,0.00420112705748802,-0.00193212280613016,0.0048435379681536,0.00226900425135786,0.00443018405032365,-0.000248312488597901,0.0203811554127467,0.030189700171876,0.511934888990283,0.516681922439617,0.505604476577498,0.0759850667279248,0.149668546662219,0.402654898417119
1.03096181368239,-0.0118340507779185,0.00420112705748802,-0.00193212280613016,-0.00763292372043052,-0.00333896614206903,-0.00503387993639274,0.000582530225142757,0.0449320013028412,0.538022932433121,0.527740214192671,0.515613235537935,0.102111218624779,0.157307701321226,0.407243431344252
1.04081520124118,0.0102649480113579,-0.0118340507779185,0.00420112705748802,-0.00156910276656064,0.00541276803366594,-0.00900052381336133,0.00956376181435892,0.0378436783313825,0.504821035374111,0.516600605004078,0.504129301046941,0.103814993584953,0.164229967817865,0.405438608654586
1.03769882111824,-0.00232026771542089,0.0102649480113579,-0.0118340507779185,0.00794468029593701,-0.00175509584745324,-0.000278107855282877,0.00548176904226985,0.037189100074505,0.512532505521406,0.523004316322,0.510014473186202,0.103807488491265,0.180635589905664,0.4111990534131
1.04219586796474,0.00501613777658419,-0.00232026771542089,0.0102649480113579,0.0026958700611633,0.00519439714586881,0.00487342835754767,0.0106592751489089,0.0326645725139829,0.512516053529525,0.519407199844218,0.510395494478747,0.10854361704509,0.170785016865989,0.413478489537837
1.04332507656219,0.00175444787827763,0.00501613777658419,-0.00232026771542089,0.00677058565486182,0.00274529792033592,0.00443018405032365,0.0189899383583421,0.0199120251476272,0.509031026981078,0.515340550790992,0.507963231199019,0.100215379230957,0.183541927964129,0.420132570587011
1.043055322364,0.000488170668491868,0.00175444787827763,0.00501613777658419,0.00224261854676949,0.015249320777072,-0.00333896614206903,0.0145187876684715,0.0260501209563405,0.511887627531867,0.509520708171891,0.498044357609998,0.0691505804511735,0.19645777308637,0.425357489045516
1.03742896497853,-0.00484914335154282,0.000488170668491868,0.00175444787827763,-0.00436097268305095,6.06605938671588e-05,0.00541276803366594,0.0107908155444967,0.0193694890184008,0.523512491596854,0.517594980907254,0.517213470100581,0.0677637944276999,0.205115046827818,0.396017668883058
1.03715625341159,0.000288120343318218,-0.00484914335154282,0.000488170668491868,-0.0045610230082246,0.00267527348084493,-0.00175509584745324,0.00915367983028723,0.0194378161439407,0.51572876058148,0.514601021276533,0.511748007235132,0.0681037518048119,0.215790768976918,0.384570546411377
1.03195771275697,-0.00452774507178196,0.000288120343318218,-0.00484914335154282,-0.00423962472846374,-0.00684637993879595,0.00519439714586881,0.00495860179672795,0.0183171685792506,0.52192991881735,0.521087588766375,0.522712364875343,0.0673419578786841,0.1901154666482,0.343366157889013
1.03152327850642,6.0915251656078e-05,-0.00452774507178196,0.000288120343318218,-0.00446682982012588,-0.00852537229304334,0.00274529792033592,-0.00164697058763911,0.0255061738660458,0.521542652770507,0.526073947887437,0.523831087837126,0.0387810052917273,0.130144376077061,0.308238016428434
1.01061044918451,-0.0199992893653524,6.0915251656078e-05,-0.00452774507178196,-0.0199383741136964,-0.0288282578295556,0.015249320777072,-0.0222574470024611,0.0242442475672759,0.555281466733443,0.540954221410258,0.555325153657361,0.0174962760865396,0.125459891077326,0.255040934751283
1.00741767945682,-0.00285911108578886,-0.0199992893653524,6.0915251656078e-05,-0.0228584004511413,-0.0268861773001607,6.06605938671588e-05,-0.0303660649528568,0.0231800707048844,0.537513554407005,0.538086449593597,0.548399754469427,0.0367004360288565,0.0991062347183677,0.250962728035027
1.01428432508341,0.00718905020388017,-0.00285911108578886,-0.0199992893653524,0.00432993911809131,-0.0201727213465999,0.00267527348084493,-0.01954845397315,0.0144708223900197,0.500170516216495,0.528413100109713,0.531158603374683,0.0472286009939352,0.0695603987575853,0.250252764862415
1.00407253296031,-0.00968545479863226,0.00718905020388017,-0.00285911108578886,-0.00249640459475209,-0.0252493718114673,-0.00684637993879595,-0.0221519470797623,0.00637533503820591,0.548854910446861,0.543027827674283,0.529179136923409,0.0527921738020214,0.0421186987052152,0.242972828586583
1.00367303645852,1.56232912025105e-05,-0.00968545479863226,0.00718905020388017,-0.00966983150742975,-0.0252935174892262,-0.00852537229304334,-0.026657137208984,0.0112979869693816,0.542477309655457,0.54297786310301,0.533182791487758,0.0165770211832991,0.0456690118135074,0.241054667123207
0.997831396555849,-0.0055565970920302,1.56232912025105e-05,-0.00968545479863226,-0.00554097380082769,-0.0109288485344467,-0.0288282578295556,-0.0280503695258262,0.0106950496170051,0.535716372292632,0.530368342107756,0.508964051079214,0.0628167907386667,0.0684667475031827,0.237762313822394
1.00902490631759,0.0115313918840367,-0.0055565970920302,1.56232912025105e-05,0.00597479479200651,0.0033451938809962,-0.0268861773001607,-0.0182865158545821,0.0194082202568766,0.507102851298693,0.521625953571451,0.494290334610584,0.0540718521059181,0.0686273476251411,0.224054375130026
1.01140686396094,0.00275938475556415,0.0115313918840367,-0.0055565970920302,0.0142907766396009,-0.00106756610400257,-0.0201727213465999,-0.0203226948561023,0.0211449466986199,0.517278292150455,0.529358098511142,0.497329298755238,0.0380002742808291,0.0732171488051199,0.209774846582025
1.00942614795569,-0.00163661896206352,0.00275938475556415,0.0115313918840367,0.00112276579350063,0.00705131209607281,-0.0252493718114673,-0.0200326360171896,0.0183199331193428,0.534624232559468,0.525762045665595,0.494539726334684,0.0515228731914333,0.0743296928777198,0.17427905278351
1.0157712957575,0.00670717517776343,-0.00163661896206352,0.00275938475556415,0.00507055621569991,0.0137899429238012,-0.0252935174892262,-0.0175870648021518,0.0203811554127467,0.509675121555209,0.515456970746285,0.489247982812696,0.0507077947409501,0.0728801191725073,0.144371672606453
1.01966558256554,0.00434577134873019,0.00670717517776343,-0.00163661896206352,0.0110529465264936,0.0238849583937746,-0.0109288485344467,-0.00150144015688509,0.000582530225142757,0.495854942974802,0.499106379778849,0.485964122241834,0.0433143901511642,0.0616532648850285,0.122189225195806
1.01912763058482,-6.13754232347499e-05,0.00434577134873019,0.00670717517776343,0.00428439592549544,0.0121506116722493,0.0033451938809962,-0.0117074946163723,0.00956376181435892,0.511656526699512,0.512301031137842,0.508109961829803,0.0366966459285973,0.061831944213433,0.118186012962085
1.02718438307152,0.00853170746677855,-6.13754232347499e-05,0.00434577134873019,0.0084703320435438,0.0179769944034859,-0.00106756610400257,-0.000957626302802501,0.00548176904226985,0.494583525651314,0.503954825659832,0.498009849946895,0.0314557202257538,0.0527079706890542,0.110062654675309
1.03160857846878,0.00500065931613696,0.00853170746677855,-6.13754232347499e-05,0.0135323667829155,0.0247446670976082,0.00705131209607281,-0.000973012760079285,0.0106592751489089,0.488436638578893,0.499325140258576,0.496874894822063,0.0217107713010789,0.0275816603189551,0.0851226857195576
1.03347124152489,0.00247779572062984,0.00500065931613696,0.00853170746677855,0.0074784550367668,0.0204395085066162,0.0137899429238012,-0.000251634365201987,0.0189899383583421,0.499549711338405,0.505274937997557,0.506555026737192,0.0298994429112498,0.0208075454223896,0.084011646502728
1.03587302471991,0.00294989705564024,0.00247779572062984,0.00500065931613696,0.00542769277627008,0.0190212665841507,0.0238849583937746,0.00220827171299504,0.0145187876684715,0.491994634857429,0.500931524046867,0.515202246930841,0.0476204021383317,0.0186214335440709,0.0741735217910037
1.0332562600239,-0.00199260177577448,0.00294989705564024,0.00247779572062984,0.000957295279865763,0.017053185068489,0.0121506116722493,0.00508507132242192,0.0107908155444967,0.504130226796764,0.502159208539441,0.509805988001993,0.0457498325393589,0.0113544121903074,0.0590339242633669
1.03762620673022,0.00478776906055119,-0.00199260177577448,0.00294989705564024,0.00279516728477671,0.0132776126669845,0.0179769944034859,0.00960629841680521,0.00915367983028723,0.494079557391076,0.502271544264322,0.514746239007268,0.0433496182068575,0.0152196787345507,0.0452474676363256
1.03811704476155,0.00105109313686229,0.00478776906055119,-0.00199260177577448,0.00583886219741348,0.00929551877270896,0.0247446670976082,0.0152643468108327,0.00495860179672795,0.495497628150495,0.503099872930657,0.518744227142047,0.0488864543925581,0.024534804881252,0.00640538151512159
1.03744183023636,4.99995000049545e-05,0.00105109313686229,0.00478776906055119,0.00110109263686725,0.00685121142103483,0.0204395085066162,0.0152532651124072,-0.00164697058763911,0.506562654603019,0.506129117162405,0.519434152650592,0.0850029371949677,0.0347741157951317,0.0118411140120241
1.0348743653378,-0.00168989860608358,4.99995000049545e-05,0.00105109313686229,-0.00163989910607862,0.00219336769776704,0.0190212665841507,0.0342212806953026,-0.0222574470024611,0.509112053045281,0.50067313909117,0.518099511127296,0.0768812587267113,0.00868898375842438,0.0354632155520344
1.03749641953764,0.00332041227200331,-0.00168989860608358,4.99995000049545e-05,0.00163051366591973,0.00752866626433303,0.017053185068489,0.0406306002129703,-0.0303660649528568,0.497641667040725,0.493253096557303,0.510809121934541,0.0882149041784476,0.0333380345725372,0.0509304260874076
1.03623376628081,-0.000544083219774639,0.00332041227200331,-0.00168989860608358,0.00277632905222867,0.00218226956034271,0.0132776126669845,0.0326407046967751,-0.01954845397315,0.5081716949832,0.503082614653445,0.512556872949926,0.0263744359057039,0.0803897398410804,0.0589306953167193
1.03452888557063,-0.000779111812533684,-0.000544083219774639,0.00332041227200331,-0.00132319503230832,0.000349996500035022,0.00929551877270896,0.0419277058238422,-0.0221519470797623,0.515297331477659,0.503488663353071,0.510459757112879,0.100426436175995,0.0944773286944023,0.0284686366188486
1.03197049927659,-0.00153444759886438,-0.000779111812533684,-0.000544083219774639,-0.00231355941139806,-0.00123492590444563,0.00685121142103483,0.0403126692496772,-0.026657137208984,0.515207835839984,0.50275634743831,0.51074317210606,0.0630276308708224,0.0590611653054394,-0.0409630798361537
1.03621939582264,0.00503591720271316,-0.00153444759886438,-0.000779111812533684,0.00350146960384878,0.00549395514688944,0.00219336769776704,0.0513937692779003,-0.0280503695258262,0.502270287846652,0.495970885572657,0.498359039844652,0.0835061088501472,0.0795190094779427,-0.03616464746355
1.03219023192642,-0.00307315299520353,0.00503591720271316,-0.00153444759886438,0.00196276420750963,-0.000913460818520756,0.00752866626433303,0.0362136892404703,-0.0182865158545821,0.516643097026886,0.5065856334399,0.509598313471054,0.0819456021917581,0.061255263023193,-0.0272775041642522
1.02476802746843,-0.00654496038050696,-0.00307315299520353,0.00503591720271316,-0.00961811337571049,-0.00691212018299135,0.00218226956034271,0.0265989302604134,-0.0203226948561023,0.533551049404166,0.512648287492666,0.517194452114946,0.0903089959148067,0.0516978350910687,-0.0225707663547881
1.02781135392949,0.00364607430950896,-0.00654496038050696,-0.00307315299520353,-0.002898886070998,-0.00251409492582669,0.000349996500035022,0.0320310277957337,-0.0200326360171896,0.508417953871691,0.504307405949156,0.509732844761013,0.0858100066065432,0.0535884770001133,-0.0225707663547881
1.02805298720303,0.000881900495567944,0.00364607430950896,-0.00654496038050696,0.00452797480507691,-0.000100117638224937,-0.00123492590444563,0.0260592175556834,-0.0175870648021518,0.509619032710123,0.506811562703453,0.504629612961475,0.0879181226577519,0.0601889118487929,-0.0225707663547881
1.02136594848417,-0.00596260231795543,0.000881900495567944,0.00364607430950896,-0.00508070182238749,-0.0110424314268495,0.00549395514688944,0.0155279820783764,-0.00150144015688509,0.532893343888234,0.521814153867255,0.522000836613449,0.0765654650659766,0.064675267448582,-0.0225707663547881
1.02007005427353,-0.00071013427077765,-0.00596260231795543,0.000881900495567944,-0.00667273658873308,-0.00869830230722336,-0.000913460818520756,0.014869108876454,-0.0117074946163723,0.523337978505886,0.515523858129615,0.517827187663549,0.0874946759552828,0.064675267448582,-0.0225707663547881
1.02706906391814,0.00748438862372925,-0.00071013427077765,-0.00596260231795543,0.0067742543529516,0.00530063768582404,-0.00691212018299135,0.0138152089017822,-0.000957626302802501,0.498635716457711,0.507313490584543,0.499620987515799,0.0874946759552828,0.064675267448582,-0.0225707663547881
